,input,parsed,parsed_address
0,"MARAȘA'ta arkadaşimizdan haber alamıyoruz ACIL yardım Penta Park konutları 1. Blok en üst kat 11. Kat 

@AFADBaskanlik #kahramanmaraş
ACİL","[{'entity': 'B-ORG', 'score': 0.95016813, 'index': 13, 'word': 'Pen', 'start': 54, 'end': 57}, {'entity': 'B-ORG', 'score': 0.9559126, 'index': 14, 'word': '##ta', 'start': 57, 'end': 59}, {'entity': 'I-ORG', 'score': 0.77797955, 'index': 15, 'word': 'Park', 'start': 60, 'end': 64}, {'entity': 'I-ORG', 'score': 0.497383, 'index': 17, 'word': '##ları', 'start': 70, 'end': 74}, {'entity': 'B-ORG', 'score': 0.9052043, 'index': 28, 'word': 'AFAD', 'start': 105, 'end': 109}, {'entity': 'B-LOC', 'score': 0.9262087, 'index': 34, 'word': 'kahraman', 'start': 120, 'end': 128}, {'entity': 'B-LOC', 'score': 0.9779351, 'index': 35, 'word': '##maraş', 'start': 128, 'end': 133}]", kahraman##maraş
1,Lütfen yardım Akevler mahallesi Rüzgar sokak Tuncay apartmanı zemin kat Antakya akrabalarım göçük altında #hatay #Afad,"[{'entity': 'B-LOC', 'score': 0.9608531, 'index': 3, 'word': 'Ak', 'start': 14, 'end': 16}, {'entity': 'B-LOC', 'score': 0.98589116, 'index': 4, 'word': '##evler', 'start': 16, 'end': 21}, {'entity': 'B-PER', 'score': 0.89489025, 'index': 8, 'word': 'Tuncay', 'start': 45, 'end': 51}, {'entity': 'B-LOC', 'score': 0.9881401, 'index': 13, 'word': 'Antakya', 'start': 72, 'end': 79}, {'entity': 'B-LOC', 'score': 0.726234, 'index': 20, 'word': 'hata', 'start': 107, 'end': 111}, {'entity': 'B-LOC', 'score': 0.773189, 'index': 21, 'word': '##y', 'start': 111, 'end': 112}]",Ak##evler Antakya hata##y
2,Kahramanmaraş Hayrullah mahallesi göksay apartman 8. sokak kat-4 daire-7 teyzemden haber alamıyorum lütfen yardım e… https://t.co/tBox3yzFwC,"[{'entity': 'B-LOC', 'score': 0.99553764, 'index': 1, 'word': 'Kahramanmaraş', 'start': 0, 'end': 13}, {'entity': 'I-LOC', 'score': 0.62340564, 'index': 2, 'word': 'Hay', 'start': 14, 'end': 17}, {'entity': 'B-LOC', 'score': 0.5478896, 'index': 3, 'word': '##rul', 'start': 17, 'end': 20}, {'entity': 'I-LOC', 'score': 0.4788345, 'index': 4, 'word': '##lah', 'start': 20, 'end': 23}]",Kahramanmaraş Hay##rul##lah
3,Pınarbaşı hünkar düğün salonu yanı firuze apartmanı haber alamıyoruz herkes göçük altında lütfen yardım edin #Kahramanmaras  giriş kat,"[{'entity': 'B-LOC', 'score': 0.98969394, 'index': 1, 'word': 'Pınar', 'start': 0, 'end': 5}, {'entity': 'B-LOC', 'score': 0.9875823, 'index': 2, 'word': '##başı', 'start': 5, 'end': 9}, {'entity': 'I-LOC', 'score': 0.7872931, 'index': 3, 'word': 'hün', 'start': 10, 'end': 13}, {'entity': 'I-LOC', 'score': 0.87040055, 'index': 4, 'word': '##kar', 'start': 13, 'end': 16}, {'entity': 'I-LOC', 'score': 0.86230445, 'index': 5, 'word': 'düğün', 'start': 17, 'end': 22}, {'entity': 'I-LOC', 'score': 0.7954181, 'index': 6, 'word': 'salonu', 'start': 23, 'end': 29}, {'entity': 'B-LOC', 'score': 0.824618, 'index': 8, 'word': 'fir', 'start': 35, 'end': 38}, {'entity': 'B-LOC', 'score': 0.9676549, 'index': 9, 'word': '##uz', 'start': 38, 'end': 40}, {'entity': 'B-LOC', 'score': 0.9512277, 'index': 10, 'word': '##e', 'start': 40, 'end': 41}, {'entity': 'B-LOC', 'score': 0.9866607, 'index': 24, 'word': 'Kahraman', 'start': 110, 'end': 118}, {'entity': 'B-LOC', 'score': 0.98690957, 'index': 25, 'word': '##mara', 'start': 118, 'end': 122}, {'entity': 'B-LOC', 'score': 0.9892077, 'index': 26, 'word': '##s', 'start': 122, 'end': 123}]",Pınar##başı hün##kar düğün salonu fir##uz##e Kahraman##mara##s
4,HATAY 7. KAT DEFNE HASTANESİNDE MAHSUR VAR #AFAD #yardım,"[{'entity': 'B-LOC', 'score': 0.99274457, 'index': 1, 'word': 'HAT', 'start': 0, 'end': 3}, {'entity': 'B-LOC', 'score': 0.99250257, 'index': 2, 'word': '##AY', 'start': 3, 'end': 5}, {'entity': 'I-LOC', 'score': 0.92565954, 'index': 3, 'word': '7', 'start': 6, 'end': 7}, {'entity': 'I-LOC', 'score': 0.9730347, 'index': 4, 'word': '.', 'start': 7, 'end': 8}, {'entity': 'I-LOC', 'score': 0.9802419, 'index': 5, 'word': 'KAT', 'start': 9, 'end': 12}, {'entity': 'I-LOC', 'score': 0.9698278, 'index': 6, 'word': 'DE', 'start': 13, 'end': 15}, {'entity': 'I-LOC', 'score': 0.9680463, 'index': 7, 'word': '##F', 'start': 15, 'end': 16}, {'entity': 'I-LOC', 'score': 0.9337139, 'index': 8, 'word': '##NE', 'start': 16, 'end': 18}, {'entity': 'I-LOC', 'score': 0.9510898, 'index': 9, 'word': 'HAS', 'start': 19, 'end': 22}, {'entity': 'I-LOC', 'score': 0.9635854, 'index': 10, 'word': '##TAN', 'start': 22, 'end': 25}, {'entity': 'I-LOC', 'score': 0.59472764, 'index': 11, 'word': '##ESİ', 'start': 25, 'end': 28}, {'entity': 'B-ORG', 'score': 0.99070835, 'index': 19, 'word': 'AFAD', 'start': 44, 'end': 48}]",HAT##AY 7. KAT DE##F##NE HAS##TAN##ESİ
5,Azerbaycan Bulvarı Hayrullah mah Aydınlat apartman 6.kat #deprem #afad #yardımedin göçük altında kaldılar yardım edin acilll,"[{'entity': 'B-LOC', 'score': 0.99495244, 'index': 1, 'word': 'Azerbaycan', 'start': 0, 'end': 10}, {'entity': 'I-LOC', 'score': 0.9810369, 'index': 2, 'word': 'Bulvarı', 'start': 11, 'end': 18}, {'entity': 'B-LOC', 'score': 0.974917, 'index': 3, 'word': 'Hay', 'start': 19, 'end': 22}, {'entity': 'B-LOC', 'score': 0.97699046, 'index': 4, 'word': '##rul', 'start': 22, 'end': 25}, {'entity': 'B-LOC', 'score': 0.972984, 'index': 5, 'word': '##lah', 'start': 25, 'end': 28}]",Azerbaycan Bulvarı Hay##rul##lah
6,#deprem 137. Sokak ünlükent apartmanı B blok kat:2 no:3 Adıyaman merkez. Enkaz altındalar haber alamıyoruz. Lütfen yardımcı olun....,"[{'entity': 'B-LOC', 'score': 0.6370682, 'index': 3, 'word': '137', 'start': 8, 'end': 11}, {'entity': 'I-LOC', 'score': 0.5194681, 'index': 5, 'word': 'Sokak', 'start': 13, 'end': 18}, {'entity': 'B-LOC', 'score': 0.6234327, 'index': 7, 'word': '##kent', 'start': 23, 'end': 27}, {'entity': 'B-LOC', 'score': 0.9949588, 'index': 18, 'word': 'Adıyaman', 'start': 56, 'end': 64}]",137 Sokak ##kent Adıyaman
7,#deprem 137. Sokak ünlükent apartmanı B blok kat:2 no:3 Adıyaman/merkez haber alamıyoruz!!!!,"[{'entity': 'B-LOC', 'score': 0.7141331, 'index': 3, 'word': '137', 'start': 8, 'end': 11}, {'entity': 'B-LOC', 'score': 0.5743141, 'index': 4, 'word': '.', 'start': 11, 'end': 12}, {'entity': 'I-LOC', 'score': 0.63420403, 'index': 5, 'word': 'Sokak', 'start': 13, 'end': 18}, {'entity': 'B-LOC', 'score': 0.6658798, 'index': 7, 'word': '##kent', 'start': 23, 'end': 27}, {'entity': 'B-LOC', 'score': 0.9930478, 'index': 18, 'word': 'Adıyaman', 'start': 56, 'end': 64}]",137. Sokak ##kent Adıyaman
8,#deprem #karamanmaraş #piazzaavm #afad Maraş piazza avm yakını Sazibey mah 4. Sokak kat 1 daire 7 haber alamıyoruz… https://t.co/4vLJ9Y1nAn,"[{'entity': 'B-LOC', 'score': 0.9892931, 'index': 4, 'word': 'karam', 'start': 9, 'end': 14}, {'entity': 'B-LOC', 'score': 0.9883974, 'index': 5, 'word': '##an', 'start': 14, 'end': 16}, {'entity': 'B-LOC', 'score': 0.99225205, 'index': 6, 'word': '##maraş', 'start': 16, 'end': 21}, {'entity': 'B-LOC', 'score': 0.97885954, 'index': 16, 'word': 'Maraş', 'start': 39, 'end': 44}, {'entity': 'I-LOC', 'score': 0.8300078, 'index': 17, 'word': 'pi', 'start': 45, 'end': 47}, {'entity': 'I-LOC', 'score': 0.91882104, 'index': 18, 'word': '##azz', 'start': 47, 'end': 50}, {'entity': 'I-LOC', 'score': 0.9204736, 'index': 19, 'word': '##a', 'start': 50, 'end': 51}, {'entity': 'I-LOC', 'score': 0.798447, 'index': 20, 'word': 'av', 'start': 52, 'end': 54}, {'entity': 'I-LOC', 'score': 0.85735697, 'index': 21, 'word': '##m', 'start': 54, 'end': 55}, {'entity': 'B-LOC', 'score': 0.99419904, 'index': 23, 'word': 'Sa', 'start': 63, 'end': 65}, {'entity': 'B-LOC', 'score': 0.99549013, 'index': 24, 'word': '##zi', 'start': 65, 'end': 67}, {'entity': 'B-LOC', 'score': 0.99527365, 'index': 25, 'word': '##bey', 'start': 67, 'end': 70}, {'entity': 'I-LOC', 'score': 0.9731972, 'index': 26, 'word': 'mah', 'start': 71, 'end': 74}, {'entity': 'I-LOC', 'score': 0.79426634, 'index': 27, 'word': '4', 'start': 75, 'end': 76}, {'entity': 'I-LOC', 'score': 0.8912498, 'index': 28, 'word': '.', 'start': 76, 'end': 77}, {'entity': 'I-LOC', 'score': 0.95107466, 'index': 29, 'word': 'Sokak', 'start': 78, 'end': 83}]",karam##an##maraş Maraş pi##azz##a av##m Sa##zi##bey mah 4. Sokak
9,#deprem #karamanmaraş #piazzaavm #afad Maraş piazza avm yakını Sazibey mah 4. Sokak kat 1 daire 7 haber alamıyoruz… https://t.co/YthwaHRkxA,"[{'entity': 'B-LOC', 'score': 0.989057, 'index': 4, 'word': 'karam', 'start': 9, 'end': 14}, {'entity': 'B-LOC', 'score': 0.9878243, 'index': 5, 'word': '##an', 'start': 14, 'end': 16}, {'entity': 'B-LOC', 'score': 0.99194145, 'index': 6, 'word': '##maraş', 'start': 16, 'end': 21}, {'entity': 'B-LOC', 'score': 0.9761948, 'index': 16, 'word': 'Maraş', 'start': 39, 'end': 44}, {'entity': 'I-LOC', 'score': 0.8332785, 'index': 17, 'word': 'pi', 'start': 45, 'end': 47}, {'entity': 'I-LOC', 'score': 0.91552126, 'index': 18, 'word': '##azz', 'start': 47, 'end': 50}, {'entity': 'I-LOC', 'score': 0.92479944, 'index': 19, 'word': '##a', 'start': 50, 'end': 51}, {'entity': 'I-LOC', 'score': 0.80148613, 'index': 20, 'word': 'av', 'start': 52, 'end': 54}, {'entity': 'I-LOC', 'score': 0.84913963, 'index': 21, 'word': '##m', 'start': 54, 'end': 55}, {'entity': 'B-LOC', 'score': 0.9939581, 'index': 23, 'word': 'Sa', 'start': 63, 'end': 65}, {'entity': 'B-LOC', 'score': 0.99536103, 'index': 24, 'word': '##zi', 'start': 65, 'end': 67}, {'entity': 'B-LOC', 'score': 0.99521893, 'index': 25, 'word': '##bey', 'start': 67, 'end': 70}, {'entity': 'I-LOC', 'score': 0.9714642, 'index': 26, 'word': 'mah', 'start': 71, 'end': 74}, {'entity': 'I-LOC', 'score': 0.8004177, 'index': 27, 'word': '4', 'start': 75, 'end': 76}, {'entity': 'I-LOC', 'score': 0.879678, 'index': 28, 'word': '.', 'start': 76, 'end': 77}, {'entity': 'I-LOC', 'score': 0.94686365, 'index': 29, 'word': 'Sokak', 'start': 78, 'end': 83}]",karam##an##maraş Maraş pi##azz##a av##m Sa##zi##bey mah 4. Sokak
10,#deprem #karamanmaraş #piazzaavm #afad Maraş piazza avm yakını Sazibey mah 4. Sokak kat 1 daire 7 haber alamıyoruz… https://t.co/pG74kACnSD,"[{'entity': 'B-LOC', 'score': 0.9886397, 'index': 4, 'word': 'karam', 'start': 9, 'end': 14}, {'entity': 'B-LOC', 'score': 0.98746383, 'index': 5, 'word': '##an', 'start': 14, 'end': 16}, {'entity': 'B-LOC', 'score': 0.9919329, 'index': 6, 'word': '##maraş', 'start': 16, 'end': 21}, {'entity': 'B-LOC', 'score': 0.9764618, 'index': 16, 'word': 'Maraş', 'start': 39, 'end': 44}, {'entity': 'I-LOC', 'score': 0.8307339, 'index': 17, 'word': 'pi', 'start': 45, 'end': 47}, {'entity': 'I-LOC', 'score': 0.9154242, 'index': 18, 'word': '##azz', 'start': 47, 'end': 50}, {'entity': 'I-LOC', 'score': 0.91920036, 'index': 19, 'word': '##a', 'start': 50, 'end': 51}, {'entity': 'I-LOC', 'score': 0.79856163, 'index': 20, 'word': 'av', 'start': 52, 'end': 54}, {'entity': 'I-LOC', 'score': 0.856058, 'index': 21, 'word': '##m', 'start': 54, 'end': 55}, {'entity': 'B-LOC', 'score': 0.993887, 'index': 23, 'word': 'Sa', 'start': 63, 'end': 65}, {'entity': 'B-LOC', 'score': 0.9953424, 'index': 24, 'word': '##zi', 'start': 65, 'end': 67}, {'entity': 'B-LOC', 'score': 0.9951285, 'index': 25, 'word': '##bey', 'start': 67, 'end': 70}, {'entity': 'I-LOC', 'score': 0.97229487, 'index': 26, 'word': 'mah', 'start': 71, 'end': 74}, {'entity': 'I-LOC', 'score': 0.7972288, 'index': 27, 'word': '4', 'start': 75, 'end': 76}, {'entity': 'I-LOC', 'score': 0.8834736, 'index': 28, 'word': '.', 'start': 76, 'end': 77}, {'entity': 'I-LOC', 'score': 0.9486695, 'index': 29, 'word': 'Sokak', 'start': 78, 'end': 83}]",karam##an##maraş Maraş pi##azz##a av##m Sa##zi##bey mah 4. Sokak
11,#deprem #karamanmaraş #piazzaavm #afad Maraş piazza avm yakını Sazibey mah 4. Sokak kat 1 daire 7 haber alamıyoruz… https://t.co/HCNGIk7Cve,"[{'entity': 'B-LOC', 'score': 0.98889834, 'index': 4, 'word': 'karam', 'start': 9, 'end': 14}, {'entity': 'B-LOC', 'score': 0.9876617, 'index': 5, 'word': '##an', 'start': 14, 'end': 16}, {'entity': 'B-LOC', 'score': 0.99194795, 'index': 6, 'word': '##maraş', 'start': 16, 'end': 21}, {'entity': 'B-LOC', 'score': 0.9781276, 'index': 16, 'word': 'Maraş', 'start': 39, 'end': 44}, {'entity': 'I-LOC', 'score': 0.81989485, 'index': 17, 'word': 'pi', 'start': 45, 'end': 47}, {'entity': 'I-LOC', 'score': 0.91282076, 'index': 18, 'word': '##azz', 'start': 47, 'end': 50}, {'entity': 'I-LOC', 'score': 0.91108805, 'index': 19, 'word': '##a', 'start': 50, 'end': 51}, {'entity': 'I-LOC', 'score': 0.7922103, 'index': 20, 'word': 'av', 'start': 52, 'end': 54}, {'entity': 'I-LOC', 'score': 0.84526783, 'index': 21, 'word': '##m', 'start': 54, 'end': 55}, {'entity': 'B-LOC', 'score': 0.9939387, 'index': 23, 'word': 'Sa', 'start': 63, 'end': 65}, {'entity': 'B-LOC', 'score': 0.9953701, 'index': 24, 'word': '##zi', 'start': 65, 'end': 67}, {'entity': 'B-LOC', 'score': 0.9952323, 'index': 25, 'word': '##bey', 'start': 67, 'end': 70}, {'entity': 'I-LOC', 'score': 0.9697464, 'index': 26, 'word': 'mah', 'start': 71, 'end': 74}, {'entity': 'I-LOC', 'score': 0.7551176, 'index': 27, 'word': '4', 'start': 75, 'end': 76}, {'entity': 'I-LOC', 'score': 0.8627319, 'index': 28, 'word': '.', 'start': 76, 'end': 77}, {'entity': 'I-LOC', 'score': 0.94520175, 'index': 29, 'word': 'Sokak', 'start': 78, 'end': 83}]",karam##an##maraş Maraş pi##azz##a av##m Sa##zi##bey mah 4. Sokak
12,#deprem #karamanmaraş #piazzaavm #afad Maraş piazza avm yakını Sazibey mah 4. Sokak kat 1 daire 7 haber alamıyoruz… https://t.co/9nbfZxm6XJ,"[{'entity': 'B-LOC', 'score': 0.9880833, 'index': 4, 'word': 'karam', 'start': 9, 'end': 14}, {'entity': 'B-LOC', 'score': 0.9872028, 'index': 5, 'word': '##an', 'start': 14, 'end': 16}, {'entity': 'B-LOC', 'score': 0.9916524, 'index': 6, 'word': '##maraş', 'start': 16, 'end': 21}, {'entity': 'B-LOC', 'score': 0.97233754, 'index': 16, 'word': 'Maraş', 'start': 39, 'end': 44}, {'entity': 'I-LOC', 'score': 0.8065096, 'index': 17, 'word': 'pi', 'start': 45, 'end': 47}, {'entity': 'I-LOC', 'score': 0.90388465, 'index': 18, 'word': '##azz', 'start': 47, 'end': 50}, {'entity': 'I-LOC', 'score': 0.9119136, 'index': 19, 'word': '##a', 'start': 50, 'end': 51}, {'entity': 'I-LOC', 'score': 0.77785474, 'index': 20, 'word': 'av', 'start': 52, 'end': 54}, {'entity': 'I-LOC', 'score': 0.8161533, 'index': 21, 'word': '##m', 'start': 54, 'end': 55}, {'entity': 'B-LOC', 'score': 0.99390125, 'index': 23, 'word': 'Sa', 'start': 63, 'end': 65}, {'entity': 'B-LOC', 'score': 0.995355, 'index': 24, 'word': '##zi', 'start': 65, 'end': 67}, {'entity': 'B-LOC', 'score': 0.9951912, 'index': 25, 'word': '##bey', 'start': 67, 'end': 70}, {'entity': 'I-LOC', 'score': 0.97273546, 'index': 26, 'word': 'mah', 'start': 71, 'end': 74}, {'entity': 'I-LOC', 'score': 0.79857004, 'index': 27, 'word': '4', 'start': 75, 'end': 76}, {'entity': 'I-LOC', 'score': 0.89012647, 'index': 28, 'word': '.', 'start': 76, 'end': 77}, {'entity': 'I-LOC', 'score': 0.94986624, 'index': 29, 'word': 'Sokak', 'start': 78, 'end': 83}]",karam##an##maraş Maraş pi##azz##a av##m Sa##zi##bey mah 4. Sokak
13,Bahçelievler mahallesi 943 ev  no 4/2 kat 2 / Adıyaman Göçük altında aile var haber alamıyoruz acill yayalım lütfen… https://t.co/ijxGxXAuaN,"[{'entity': 'B-LOC', 'score': 0.98254794, 'index': 1, 'word': 'Bahçelievler', 'start': 0, 'end': 12}, {'entity': 'B-LOC', 'score': 0.995125, 'index': 13, 'word': 'Adıyaman', 'start': 46, 'end': 54}]",Bahçelievler Adıyaman
14,"Alitaşı Mahallesi Bozbey Yolu Merve Apartmanı Kat:4 No:9 Merkez ADIYAMAN Arkadaşımız ailesi enkaz altında
#deprem #AFAD","[{'entity': 'B-LOC', 'score': 0.9958365, 'index': 1, 'word': 'Ali', 'start': 0, 'end': 3}, {'entity': 'B-LOC', 'score': 0.99410725, 'index': 2, 'word': '##taşı', 'start': 3, 'end': 7}, {'entity': 'I-LOC', 'score': 0.98712176, 'index': 3, 'word': 'Mahallesi', 'start': 8, 'end': 17}, {'entity': 'B-LOC', 'score': 0.8903225, 'index': 4, 'word': 'Boz', 'start': 18, 'end': 21}, {'entity': 'B-LOC', 'score': 0.9418112, 'index': 5, 'word': '##bey', 'start': 21, 'end': 24}, {'entity': 'I-LOC', 'score': 0.9852246, 'index': 6, 'word': 'Yolu', 'start': 25, 'end': 29}, {'entity': 'B-LOC', 'score': 0.7862157, 'index': 7, 'word': 'Merve', 'start': 30, 'end': 35}, {'entity': 'I-LOC', 'score': 0.97358197, 'index': 8, 'word': 'Apart', 'start': 36, 'end': 41}, {'entity': 'I-LOC', 'score': 0.9628184, 'index': 9, 'word': '##manı', 'start': 41, 'end': 45}, {'entity': 'B-LOC', 'score': 0.988311, 'index': 16, 'word': 'Merkez', 'start': 57, 'end': 63}, {'entity': 'I-LOC', 'score': 0.5610139, 'index': 17, 'word': 'AD', 'start': 64, 'end': 66}, {'entity': 'B-LOC', 'score': 0.56971884, 'index': 18, 'word': '##IY', 'start': 66, 'end': 68}, {'entity': 'B-LOC', 'score': 0.57087696, 'index': 19, 'word': '##AMAN', 'start': 68, 'end': 72}, {'entity': 'B-ORG', 'score': 0.9932706, 'index': 28, 'word': 'AFAD', 'start': 115, 'end': 119}]",Ali##taşı Mahallesi Boz##bey Yolu Merve Apart##manı Merkez AD##IY##AMAN
15,Maraş piazza avm yakını Sazibey mah 4. Sokak kat 1 daire 7 ebrar sitesi haber alamıyoruz yardım edin anne baba 3 kı… https://t.co/q4TvkCfarq,"[{'entity': 'B-LOC', 'score': 0.9813306, 'index': 1, 'word': 'Maraş', 'start': 0, 'end': 5}, {'entity': 'I-LOC', 'score': 0.71693987, 'index': 2, 'word': 'pi', 'start': 6, 'end': 8}, {'entity': 'I-LOC', 'score': 0.8748798, 'index': 3, 'word': '##azz', 'start': 8, 'end': 11}, {'entity': 'I-LOC', 'score': 0.8304832, 'index': 4, 'word': '##a', 'start': 11, 'end': 12}, {'entity': 'I-LOC', 'score': 0.63123035, 'index': 5, 'word': 'av', 'start': 13, 'end': 15}, {'entity': 'I-LOC', 'score': 0.71570504, 'index': 6, 'word': '##m', 'start': 15, 'end': 16}, {'entity': 'B-LOC', 'score': 0.9942748, 'index': 8, 'word': 'Sa', 'start': 24, 'end': 26}, {'entity': 'B-LOC', 'score': 0.99540776, 'index': 9, 'word': '##zi', 'start': 26, 'end': 28}, {'entity': 'B-LOC', 'score': 0.9955754, 'index': 10, 'word': '##bey', 'start': 28, 'end': 31}, {'entity': 'I-LOC', 'score': 0.965208, 'index': 11, 'word': 'mah', 'start': 32, 'end': 35}, {'entity': 'I-LOC', 'score': 0.73830247, 'index': 12, 'word': '4', 'start': 36, 'end': 37}, {'entity': 'I-LOC', 'score': 0.867884, 'index': 13, 'word': '.', 'start': 37, 'end': 38}, {'entity': 'I-LOC', 'score': 0.9411513, 'index': 14, 'word': 'Sokak', 'start': 39, 'end': 44}]",Maraş pi##azz##a av##m Sa##zi##bey mah 4. Sokak
16,"Alitaşı Mahallesi Bozbey Yolu Merve Apartmanı Kat:4 No:9 Merkez\ADIYAMAN
Arkadaşımız ve ailesi enkaz Altında #DEPREMOLDU #afad","[{'entity': 'B-LOC', 'score': 0.9958733, 'index': 1, 'word': 'Ali', 'start': 0, 'end': 3}, {'entity': 'B-LOC', 'score': 0.99357164, 'index': 2, 'word': '##taşı', 'start': 3, 'end': 7}, {'entity': 'I-LOC', 'score': 0.98681635, 'index': 3, 'word': 'Mahallesi', 'start': 8, 'end': 17}, {'entity': 'B-LOC', 'score': 0.87947035, 'index': 4, 'word': 'Boz', 'start': 18, 'end': 21}, {'entity': 'B-LOC', 'score': 0.93898135, 'index': 5, 'word': '##bey', 'start': 21, 'end': 24}, {'entity': 'I-LOC', 'score': 0.98410875, 'index': 6, 'word': 'Yolu', 'start': 25, 'end': 29}, {'entity': 'B-LOC', 'score': 0.8142466, 'index': 7, 'word': 'Merve', 'start': 30, 'end': 35}, {'entity': 'I-LOC', 'score': 0.97411126, 'index': 8, 'word': 'Apart', 'start': 36, 'end': 41}, {'entity': 'I-LOC', 'score': 0.96511024, 'index': 9, 'word': '##manı', 'start': 41, 'end': 45}, {'entity': 'B-LOC', 'score': 0.9950813, 'index': 16, 'word': 'Merkez', 'start': 57, 'end': 63}, {'entity': 'B-LOC', 'score': 0.9892565, 'index': 18, 'word': 'AD', 'start': 64, 'end': 66}, {'entity': 'B-LOC', 'score': 0.98802865, 'index': 19, 'word': '##IY', 'start': 66, 'end': 68}, {'entity': 'B-LOC', 'score': 0.9855692, 'index': 20, 'word': '##AMAN', 'start': 68, 'end': 72}]",Ali##taşı Mahallesi Boz##bey Yolu Merve Apart##manı Merkez AD##IY##AMAN
17,Alitaşı MH 1248 sk umut apartmanı B blok 5 kat no 22 Adıyaman enkaz altındalar acil yardım acil #deprem,"[{'entity': 'B-LOC', 'score': 0.9917378, 'index': 1, 'word': 'Ali', 'start': 0, 'end': 3}, {'entity': 'B-LOC', 'score': 0.9911438, 'index': 2, 'word': '##taşı', 'start': 3, 'end': 7}, {'entity': 'I-LOC', 'score': 0.7537432, 'index': 3, 'word': 'M', 'start': 8, 'end': 9}, {'entity': 'I-LOC', 'score': 0.57646066, 'index': 4, 'word': '##H', 'start': 9, 'end': 10}, {'entity': 'B-LOC', 'score': 0.99395424, 'index': 17, 'word': 'Adıyaman', 'start': 53, 'end': 61}]",Ali##taşı M##H Adıyaman
18,Pentapak1 blok1 kat 11 haber alamıyoruz 12 Şubat parkına doğru yıkılmş #Kahramanmaras #deprem #afaddeprem #AFAD,"[{'entity': 'B-LOC', 'score': 0.9884797, 'index': 22, 'word': 'Kahraman', 'start': 72, 'end': 80}, {'entity': 'B-LOC', 'score': 0.9831982, 'index': 23, 'word': '##mara', 'start': 80, 'end': 84}, {'entity': 'B-LOC', 'score': 0.9881491, 'index': 24, 'word': '##s', 'start': 84, 'end': 85}, {'entity': 'B-ORG', 'score': 0.9897741, 'index': 33, 'word': 'AFAD', 'start': 107, 'end': 111}]",Kahraman##mara##s
19,"Ailem enkaz altında bina çökmüş haber alamıyoruz.
Güzelburç mahallesi 600 konutlar sitesi 7 blok kat 3 
İSİMLERİ:
H… https://t.co/wPfKtdmqs0","[{'entity': 'B-LOC', 'score': 0.9938782, 'index': 12, 'word': 'Güzel', 'start': 50, 'end': 55}, {'entity': 'B-LOC', 'score': 0.9935958, 'index': 13, 'word': '##bur', 'start': 55, 'end': 58}, {'entity': 'B-LOC', 'score': 0.9925614, 'index': 14, 'word': '##ç', 'start': 58, 'end': 59}, {'entity': 'I-LOC', 'score': 0.96866196, 'index': 15, 'word': 'mahallesi', 'start': 60, 'end': 69}, {'entity': 'I-LOC', 'score': 0.5942054, 'index': 18, 'word': '##lar', 'start': 79, 'end': 82}]",Güzel##bur##ç mahallesi ##lar
20,"ilem enkaz altında bina çökmüş haber alamıyoruz.
Güzelburç mahallesi 600 konutlar sitesi 7 blok kat 3 
İSİMLERİ:
Ha… https://t.co/0H10Iwr5L4","[{'entity': 'B-LOC', 'score': 0.9940023, 'index': 12, 'word': 'Güzel', 'start': 49, 'end': 54}, {'entity': 'B-LOC', 'score': 0.99378985, 'index': 13, 'word': '##bur', 'start': 54, 'end': 57}, {'entity': 'B-LOC', 'score': 0.9927642, 'index': 14, 'word': '##ç', 'start': 57, 'end': 58}, {'entity': 'I-LOC', 'score': 0.9704921, 'index': 15, 'word': 'mahallesi', 'start': 59, 'end': 68}, {'entity': 'I-LOC', 'score': 0.51442105, 'index': 17, 'word': 'konut', 'start': 73, 'end': 78}, {'entity': 'I-LOC', 'score': 0.63784176, 'index': 18, 'word': '##lar', 'start': 78, 'end': 81}]",Güzel##bur##ç mahallesi konut##lar
21,"Ailem enkaz altında bina çökmüş haber alamıyoruz.
Güzelburç mahallesi 600 konutlar sitesi 7 blok kat 3 
İSİMLERİ:
H… https://t.co/beXnryPGWk","[{'entity': 'B-LOC', 'score': 0.99376243, 'index': 12, 'word': 'Güzel', 'start': 50, 'end': 55}, {'entity': 'B-LOC', 'score': 0.9934917, 'index': 13, 'word': '##bur', 'start': 55, 'end': 58}, {'entity': 'B-LOC', 'score': 0.9925607, 'index': 14, 'word': '##ç', 'start': 58, 'end': 59}, {'entity': 'I-LOC', 'score': 0.96869284, 'index': 15, 'word': 'mahallesi', 'start': 60, 'end': 69}, {'entity': 'I-LOC', 'score': 0.57176507, 'index': 18, 'word': '##lar', 'start': 79, 'end': 82}]",Güzel##bur##ç mahallesi ##lar
22,"Yeni mah. 2637nolu sokak. No:1 kat:4 merkez/Adıyaman  
Akrabalarımız enkaz altında bina yıkılmış AKIN AİLESİ 4. Kat… https://t.co/zK7V3XLTXZ","[{'entity': 'B-LOC', 'score': 0.9383862, 'index': 1, 'word': 'Yeni', 'start': 0, 'end': 4}, {'entity': 'I-LOC', 'score': 0.8083488, 'index': 2, 'word': 'mah', 'start': 5, 'end': 8}, {'entity': 'B-LOC', 'score': 0.99069536, 'index': 18, 'word': 'Adıyaman', 'start': 44, 'end': 52}, {'entity': 'B-ORG', 'score': 0.82126766, 'index': 27, 'word': 'AK', 'start': 97, 'end': 99}, {'entity': 'B-ORG', 'score': 0.76267713, 'index': 28, 'word': '##IN', 'start': 99, 'end': 101}, {'entity': 'I-ORG', 'score': 0.51591104, 'index': 29, 'word': 'A', 'start': 102, 'end': 103}]",Yeni mah Adıyaman
23,"Alitaşı MH 1248 sk umut apartmanı B blok 5 kat no 22 Adıyaman 

Enkaz altında lütfen yardım edin
#deprem @AdiyamanBelTR #afaddeprem #AFAD","[{'entity': 'B-LOC', 'score': 0.99126124, 'index': 1, 'word': 'Ali', 'start': 0, 'end': 3}, {'entity': 'B-LOC', 'score': 0.9901239, 'index': 2, 'word': '##taşı', 'start': 3, 'end': 7}, {'entity': 'I-LOC', 'score': 0.6007591, 'index': 3, 'word': 'M', 'start': 8, 'end': 9}, {'entity': 'B-LOC', 'score': 0.9947248, 'index': 17, 'word': 'Adıyaman', 'start': 53, 'end': 61}, {'entity': 'B-ORG', 'score': 0.99047357, 'index': 39, 'word': 'AFAD', 'start': 133, 'end': 137}]",Ali##taşı M Adıyaman
24,"enkaz altında Odabaşı mahallesi gürses sokak no 3 prestij asi apartmanı. Kat 2 daire 12 Antakya/Hatay yardım edin duyurun 
#deprem","[{'entity': 'B-LOC', 'score': 0.9850758, 'index': 3, 'word': 'Oda', 'start': 14, 'end': 17}, {'entity': 'B-LOC', 'score': 0.99232566, 'index': 4, 'word': '##başı', 'start': 17, 'end': 21}, {'entity': 'B-LOC', 'score': 0.62378883, 'index': 7, 'word': '##ses', 'start': 35, 'end': 38}, {'entity': 'B-LOC', 'score': 0.9954959, 'index': 21, 'word': 'Antakya', 'start': 88, 'end': 95}, {'entity': 'B-LOC', 'score': 0.85373336, 'index': 23, 'word': 'Hatay', 'start': 96, 'end': 101}]",Oda##başı ##ses Antakya Hatay
25,"Bir arkadaşımız enkaz altında acil 

Erkenez mahallesi 24.sokak kat 1 no 10

Dulkadiroğlu/Kahramanmaraş 
#deprem #AFAD","[{'entity': 'B-LOC', 'score': 0.9867431, 'index': 6, 'word': 'Erken', 'start': 37, 'end': 42}, {'entity': 'B-LOC', 'score': 0.9904777, 'index': 7, 'word': '##ez', 'start': 42, 'end': 44}, {'entity': 'I-LOC', 'score': 0.8284173, 'index': 8, 'word': 'mahallesi', 'start': 45, 'end': 54}, {'entity': 'B-LOC', 'score': 0.9962664, 'index': 16, 'word': 'Dul', 'start': 77, 'end': 80}, {'entity': 'B-LOC', 'score': 0.99600345, 'index': 17, 'word': '##kadir', 'start': 80, 'end': 85}, {'entity': 'B-LOC', 'score': 0.99602926, 'index': 18, 'word': '##oğlu', 'start': 85, 'end': 89}, {'entity': 'B-LOC', 'score': 0.97139865, 'index': 20, 'word': 'Kahramanmaraş', 'start': 90, 'end': 103}, {'entity': 'B-ORG', 'score': 0.9933402, 'index': 24, 'word': 'AFAD', 'start': 114, 'end': 118}]",Erken##ez mahallesi Dul##kadir##oğlu Kahramanmaraş
26,Cebrail mahallesi fatih caddesi katipoglu apartman no:13 kat:3 daire:7 hatay/antakya #deprem #AFAD @AFADBaskanlik,"[{'entity': 'B-LOC', 'score': 0.9790717, 'index': 1, 'word': 'Ceb', 'start': 0, 'end': 3}, {'entity': 'B-LOC', 'score': 0.9846556, 'index': 2, 'word': '##rail', 'start': 3, 'end': 7}, {'entity': 'I-LOC', 'score': 0.8033769, 'index': 3, 'word': 'mahallesi', 'start': 8, 'end': 17}, {'entity': 'B-LOC', 'score': 0.8356684, 'index': 4, 'word': 'fat', 'start': 18, 'end': 21}, {'entity': 'B-LOC', 'score': 0.89808416, 'index': 5, 'word': '##ih', 'start': 21, 'end': 23}, {'entity': 'B-LOC', 'score': 0.9649134, 'index': 21, 'word': 'hata', 'start': 71, 'end': 75}, {'entity': 'B-LOC', 'score': 0.9617374, 'index': 22, 'word': '##y', 'start': 75, 'end': 76}, {'entity': 'B-LOC', 'score': 0.9812293, 'index': 24, 'word': 'ant', 'start': 77, 'end': 80}, {'entity': 'B-LOC', 'score': 0.97117245, 'index': 25, 'word': '##ak', 'start': 80, 'end': 82}, {'entity': 'B-LOC', 'score': 0.9798331, 'index': 26, 'word': '##ya', 'start': 82, 'end': 84}, {'entity': 'B-ORG', 'score': 0.9937649, 'index': 30, 'word': 'AFAD', 'start': 94, 'end': 98}, {'entity': 'B-ORG', 'score': 0.91942376, 'index': 32, 'word': 'AFAD', 'start': 100, 'end': 104}]",Ceb##rail mahallesi fat##ih hata##y ant##ak##ya
27,Hatay Fehmi Çankaya konutları oda başı mahallesi d blok  kat 3 daire 15 yardım var mı arkadaşım enkaz altında #deprem,"[{'entity': 'B-LOC', 'score': 0.9922998, 'index': 1, 'word': 'Hatay', 'start': 0, 'end': 5}, {'entity': 'B-PER', 'score': 0.45318767, 'index': 2, 'word': 'Feh', 'start': 6, 'end': 9}, {'entity': 'B-PER', 'score': 0.60910475, 'index': 3, 'word': '##mi', 'start': 9, 'end': 11}, {'entity': 'I-PER', 'score': 0.815623, 'index': 4, 'word': 'Çankaya', 'start': 12, 'end': 19}]",Hatay
28,"Göçük altındalar yardım edin 

Pınarbaşı, 175/1 SK. No:9 Kat:1 Daire:2 Hatay İskenderun #SONDAKIKA #deprem… https://t.co/rjdPQbZsT6","[{'entity': 'B-LOC', 'score': 0.99384224, 'index': 7, 'word': 'Pınar', 'start': 31, 'end': 36}, {'entity': 'B-LOC', 'score': 0.9947462, 'index': 8, 'word': '##başı', 'start': 36, 'end': 40}, {'entity': 'B-LOC', 'score': 0.5702936, 'index': 10, 'word': '175', 'start': 42, 'end': 45}, {'entity': 'I-LOC', 'score': 0.8174169, 'index': 12, 'word': '1', 'start': 46, 'end': 47}, {'entity': 'I-LOC', 'score': 0.55273074, 'index': 13, 'word': 'SK', 'start': 48, 'end': 50}, {'entity': 'B-LOC', 'score': 0.9896271, 'index': 24, 'word': 'Hatay', 'start': 71, 'end': 76}, {'entity': 'B-LOC', 'score': 0.9353913, 'index': 25, 'word': 'İskenderun', 'start': 77, 'end': 87}]",Pınar##başı 175 1 SK Hatay İskenderun
29,"Göçük altındalar yardım edin 

Pınarbaşı, 175/1 SK. No:9 Kat:1 Daire:2 Hatay İskenderun #SONDAKIKA #deprem… https://t.co/1k90OsotfB","[{'entity': 'B-LOC', 'score': 0.9937459, 'index': 7, 'word': 'Pınar', 'start': 31, 'end': 36}, {'entity': 'B-LOC', 'score': 0.9947412, 'index': 8, 'word': '##başı', 'start': 36, 'end': 40}, {'entity': 'B-LOC', 'score': 0.6170351, 'index': 10, 'word': '175', 'start': 42, 'end': 45}, {'entity': 'I-LOC', 'score': 0.4763061, 'index': 11, 'word': '/', 'start': 45, 'end': 46}, {'entity': 'I-LOC', 'score': 0.85470974, 'index': 12, 'word': '1', 'start': 46, 'end': 47}, {'entity': 'I-LOC', 'score': 0.5607091, 'index': 13, 'word': 'SK', 'start': 48, 'end': 50}, {'entity': 'B-LOC', 'score': 0.9898968, 'index': 24, 'word': 'Hatay', 'start': 71, 'end': 76}, {'entity': 'B-LOC', 'score': 0.9340669, 'index': 25, 'word': 'İskenderun', 'start': 77, 'end': 87}]",Pınar##başı 175/1 SK Hatay İskenderun
